"Edicao (PTBR)","Edicao (EN)","Edicao (Sigla)","Card (PT)","Card (EN)",Quantidade,"Qualidade (M NM SP MP HP D)","Idioma (BR EN DE ES FR IT JP KO RU TW)","Raridade (M R U C)","Cor (W U B R G M A L)",Extras,"Card #",Comentario
,"2024 Lunar New Year",pl24,"Servo do Soberano Dragao","Dragonlord's Servant",1,NM,EN,R,R,,1,
"A Guerra da Centelha","War of the Spark",war,"Envergamento de Raio","Bolt Bend",4,NM,EN,U,R,,115,
"A Guerra dos Irmãos (Schematic)","The Brothers' War (Schematic)",smbro,"Mox de Ambar","Mox Amber",1,NM,PT,M,C,,98,
"A Saga de Urza","Urza's Saga",us,Arrasar,Raze,4,NM,EN,C,R,,207,
,"Adventures in the Forgotten Realms",afr,"Covil do Bugurso","Den of the Bugbear",1,NM,EN,R,L,,254,
,"Adventures in the Forgotten Realms",afr,"Fogo do Dragao","Dragon's Fire",3,NM,PT,C,R,,139,
,"Adventures in the Forgotten Realms",afr,"Fogo do Dragao","Dragon's Fire",1,NM,PT,C,R,Foil,139,
,"Adventures in the Forgotten Realms",afr,"Inferno dos Montes das Estrelas","Inferno of the Star Mounts",2,NM,EN,M,R,,151,
,"Adventures in the Forgotten Realms",afr,"O Livro dos Feitos Exaltados","The Book of Exalted Deeds",1,NM,PT,M,W,"Foil, Pre Release",4,
,"Adventures in the Forgotten Realms",afr,"Orbe dos Dragoes","Orb of Dragonkind",3,NM,EN,R,R,,157,
,"Adventures in the Forgotten Realms",afr,"Orbe dos Dragoes","Orb of Dragonkind",1,NM,EN,R,R,Promo,157,
,Aetherdrift,dft,,"Skystreak Engineer",8,NM,EN,C,U,,61,
Amonkhet,Amonkhet,akh,"Deserto Abrasado pelo Sol","Sunscorched Desert",1,NM,PT,C,L,,249,
Amonkhet,Amonkhet,akh,"Monumento de Oketra","Oketra's Monument",1,NM,PT,U,C,,233,
,"Archenemy: Nicol Bolas",e01,Raio,"Lightning Bolt",1,NM,EN,U,R,,54,
"As Cavernas Perdidas de Ixalan","The Lost Caverns of Ixalan",lci,"Chimil, o Sol Interior","Chimil, the Inner Sun",1,NM,EN,M,C,"Foil, Promo",249,
"As Cavernas Perdidas de Ixalan","The Lost Caverns of Ixalan",lci,"Goblin Saqueador de Tumulos","Goblin Tomb Raider",4,NM,EN,C,R,,151,
"As Cavernas Perdidas de Ixalan","The Lost Caverns of Ixalan",lci,"Ojer Taq, Fundacao Profunda","Ojer Taq, Deepest Foundation",1,NM,EN,M,W,,26,
"Ascensão das Trevas","Dark Ascension",dka,"Dragao do Veu Lunar","Moonveil Dragon",1,NM,PT,M,R,,99,
"Ascensão dos Eldrazi","Rise of the Eldrazi",roe,"Linvala, Guardia do Silencio","Linvala, Keeper of Silence",1,NM,EN,M,W,,33,
,"Avatar: The Last Airbender Eternal (Elemental Frame)",eftle,"Manobra Impecavel","Flawless Maneuver",1,NM,EN,R,W,,306,
Bloomburrow,Bloomburrow,blb,,"Three Tree City",1,NM,EN,R,L,,260,
"Campeões de Kamigawa","Champions of Kamigawa",chk,"Shinka, a Fortaleza Ensanguentada","Shinka, the Bloodsoaked Keep",1,NM,PT,R,L,,282,
"Cicatrizes de Mirrodin","Scars of Mirrodin",som,"Renascimento de Kuldotha","Kuldotha Rebirth",1,NM,EN,C,R,,96,
,"Commander 2013",c13,"Poco dos Sonhos Perdidos","Well of Lost Dreams",1,NM,EN,R,C,,271,
,"Commander 2013",c13,"Surto da Tempestade Belica","Warstorm Surge",1,NM,EN,R,R,,129,
,"Commander 2017",c17,"Corneta do Arauto","Herald's Horn",1,NM,PT,U,C,,53,
,"Commander 2017",c17,"Dragao Averneo de Utvara","Utvara Hellkite",1,NM,PT,M,R,,144,
,"Commander 2017",c17,"Flagelo de Valkas","Scourge of Valkas",1,NM,PT,M,R,,142,
,"Commander 2018",c18,"Dragao Aninhador","Nesting Dragon",1,NM,PT,R,R,,24,
,"Commander 2018",c18,"Suplica aos Anjos","Entreat the Angels",1,NM,PT,M,W,,67,
,"Commander 2019",c19,"Anel Solar","Sol Ring",1,NM,PT,U,C,,221,
,"Commander 2019",c19,"Extorsionista das Docas","Dockside Extortionist",1,NM,EN,R,R,,24,
,"Commander 2020",c20,"Akroma, Anjo da Ira","Akroma, Angel of Wrath",1,NM,PT,M,W,,73,
,"Commander 2020",c20,"Tenente de Thalia","Thalia's Lieutenant",1,NM,PT,R,W,,103,
,"Commander Legends",cmr,"Armadura do Comandante","Commander's Plate",1,NM,PT,M,C,Promo,305,
,"Commander Legends",cmr,"Caverna Esquecida","Forgotten Cave",1,NM,EN,C,L,,483,
,"Commander Legends",cmr,"Corte da Graca","Court of Grace",1,NM,PT,R,W,,16,
,"Commander Legends",cmr,"Disco de Nevinyrral","Nevinyrral's Disk",1,NM,EN,R,C,Foil,328,
,"Commander Legends",cmr,"Dragao Averneo de Montaria","Hellkite Courser",1,NM,EN,M,R,Foil,183,
,"Commander Legends",cmr,"Guardiao do Acordo","Keeper of the Accord",1,NM,PTEN,R,W,"Foil, Promo",27,
,"Commander Legends",cmr,"Ovo de Dragao","Dragon Egg",3,NM,EN,C,R,,173,
,"Commander Legends",cmr,"Palacio de Opala","Opal Palace",1,NM,PT,C,L,,352,
,"Commander Legends",cmr,"Salao de Guerra","War Room",1,NM,PT,R,L,"Foil, Promo",361,
"Commander Legends: Batalha por Portal de Baldur","Commander Legends: Battle for Baldur's Gate",clb,"Bijuteria do Viajante","Wayfarer's Bauble",1,NM,EN,C,C,,344,
"Commander Legends: Batalha por Portal de Baldur","Commander Legends: Battle for Baldur's Gate",clb,"Dragao de Cobre Anciao","Ancient Copper Dragon",1,NM,PT,M,R,,161,
"Commander Legends: Batalha por Portal de Baldur","Commander Legends: Battle for Baldur's Gate",clb,Raio,"Lightning Bolt",1,NM,PT,C,R,,187,
"Commander Legends: Batalha por Portal de Baldur (Foil Etched)","Commander Legends: Battle for Baldur's Gate (Foil Etched)",feclb,"Ganax, Cacador Astral","Ganax, Astral Hunter",1,NM,EN,U,R,Foil,504,
,"Commander Masters",cmm,"Icone de Ancestralidade","Icon of Ancestry",1,NM,EN,R,C,,955,
,"Commander Masters",cmm,"Marechal-de-campo Angelical","Angelic Field Marshal",1,NM,EN,R,W,,13,
"Contos da Terra Média Commander","Tales of Middle-earth Commander",ltc,"Luz Banidora","Banishing Light",1,NM,PT,U,W,,161,
"Contos da Terra Média Commander","Tales of Middle-earth Commander",ltc,"Sam, Ajudante Leal","Sam, Loyal Attendant",1,NM,EN,M,M,,7,
"Contos da Terra Média Commander","Tales of Middle-earth Commander",ltc,"Terras em Desenvolvimento","Evolving Wilds",4,NM,PT,C,L,,306,
"Contos Encantados","Enchanting Tales",wot,"Manto de Dragao","Dragon Mantle",1,NM,PT,U,R,,41,
"Contos Encantados","Enchanting Tales",wot,"Ninho dos Grifos","Griffin Aerie",1,NM,PT,U,W,,5,
"Contos Encantados (Anime)","Enchanting Tales (Anime)",awot,"Justica Carmica","Karmic Justice",1,NM,EN,R,W,,65,
,"Core Set 2019",m19,"Anjo Resplandecente","Resplendent Angel",1,NM,PT,M,W,,34,
,"Core Set 2019",m19,"Clerigo Arrependido","Remorseful Cleric",1,NM,EN,R,W,,33,
,"Core Set 2019",m19,"Dragao Reivindicativo","Demanding Dragon",1,NM,EN,R,R,,135,
,"Core Set 2019",m19,"Egua do Escudo","Shield Mare",4,NM,EN,U,W,,37,
,"Core Set 2019",m19,"Lathliss, Rainha dos Dragoes","Lathliss, Dragon Queen",1,NM,PT,R,R,,149,
,"Core Set 2019",m19,"Opor Resistencia","Make a Stand",2,NM,EN,U,W,,26,
,"Core Set 2019",m19,"Sarkhan, Alma de Dragao","Sarkhan, Dragonsoul",1,NM,PT,M,R,Foil,296,
,"Core Set 2019",m19,"Sarkhan, Sangue de Fogo","Sarkhan, Fireblood",1,NM,PT,M,R,,154,
,"Core Set 2019",m19,"Vanguardeira Leonina","Leonin Vanguard",4,NM,EN,U,W,,22,
,"Core Set 2020",m20,"Ajani, Forca do Bando","Ajani, Strength of the Pride",1,NM,PT,M,W,,2,
,"Core Set 2020",m20,"Anjo da Vitalidade","Angel of Vitality",1,NM,PT,U,W,,4,
,"Core Set 2020",m20,"As da Esgrima","Fencing Ace",1,NM,PT,U,W,,16,
,"Core Set 2020",m20,"Bispa das Asas","Bishop of Wings",1,NM,PT,R,W,Promo,8,
,"Core Set 2020",m20,"Chave Multipla","Manifold Key",1,NM,PT,U,C,,230,
,"Core Set 2020",m20,"Sephara, Lamina dos Ceus","Sephara, Sky's Blade",1,NM,EN,R,W,,36,
"Core Set 2021","Core Set 2021",m21,"Chandra, Catalisadora da Chama","Chandra, Flame's Catalyst",1,NM,PT,M,R,Foil,332,
"Core Set 2021","Core Set 2021",m21,"Gadrak, Flagelo da Coroa","Gadrak, the Crown-Scourge",1,NM,PT,R,R,,146,
"Core Set 2021","Core Set 2021",m21,"Myr de Paladio","Palladium Myr",1,NM,PT,U,C,,234,
"Core Set 2021","Core Set 2021",m21,"Porta-voz dos Ceus","Speaker of the Heavens",1,NM,PT,R,W,"Foil, Promo",38,
"Core Set 2021","Core Set 2021",m21,"Terror dos Picos","Terror of the Peaks",1,NM,EN,M,R,,164,
"Décima Edição","Tenth Edition",10e,"Reya, Portadora da Alvorada","Reya Dawnbringer",1,NM,PT,R,W,,35,
"Despertar do Mundo",Worldwake,wwk,"Labareda Cauterizante","Searing Blaze",4,NM,EN,C,R,,90,
"Despertar do Mundo",Worldwake,wwk,"Mistico Litoforjador","Stoneforge Mystic",1,SP,PT,R,W,,20,
"Destino Reescrito","Fate Reforged",frf,"Ugin, o Dragao Espirito","Ugin, the Spirit Dragon",1,NM,PT,M,C,,1,
,Dominaria,dom,"Cavaleira da Graca","Knight of Grace",4,NM,PT,U,W,,23,
,Dominaria,dom,"Guarda-costas Destemida","Dauntless Bodyguard",4,NM,EN,U,W,,14,
,Dominaria,dom,"Historia de Benalia","History of Benalia",2,NM,EN,M,W,,21,
,Dominaria,dom,"Lyra, Portadora da Alvorada","Lyra Dawnbringer",1,NM,PT,M,W,,26,
,Dominaria,dom,"Marechal de Benalia","Benalish Marshal",4,NM,PT,R,W,,6,
,"Dominaria Remastered",dmr,"Cripta de Tormod","Tormod's Crypt",4,NM,EN,U,C,,235,
,"Dominaria Remastered",dmr,"Relampago em Cadeia","Chain Lightning",4,NM,EN,C,R,,113,
,"Dominaria Remastered (Borderless)",bldmr,"Dragao Engole-Mundos","Worldgorger Dragon",1,NM,PT,M,R,,437,
"Dominária Unida","Dominaria United",dmu,"Devastador de Shiv","Shivan Devastator",2,NM,EN,M,R,,143,
"Dominária Unida","Dominaria United",dmu,"Devastador de Shiv","Shivan Devastator",1,NM,EN,M,R,Foil,143,
"Dominária Unida","Dominaria United",dmu,"Exemplar de Serra","Serra Paragon",1,NM,EN,M,W,Foil,32,
"Dominária Unida (Extended Art)","Dominaria United (Extended Art)",exdmu,"Devastador de Shiv","Shivan Devastator",1,NM,EN,M,R,,410,
,"Double Masters",2xm,"Avacyn, Anjo da Esperanca","Avacyn, Angel of Hope",1,NM,EN,M,W,,8,
,"Double Masters",2xm,"Caminho para o Exilio","Path to Exile",1,NM,EN,U,W,,25,
,"Double Masters 2022 (Borderless)",bl2x2,"Lanca Veloz do Monasterio","Monastery Swiftspear",3,NM,EN,C,R,,362,
"Dragões de Tarkir","Dragons of Tarkir",dtk,"Servo do Soberano Dragao","Dragonlord's Servant",1,NM,PT,U,R,,138,
"Dragões de Tarkir","Dragons of Tarkir",dtk,"Tremores de Impacto","Impact Tremors",1,NM,PT,C,R,,140,
,"Edge of Eternities",eoe,,"Nova Hellkite",3,NM,EN,R,R,,148,
,"Eternal Masters",ema,"Ovo de Dragao","Dragon Egg",3,NM,EN,C,R,Foil,126,
Êxodo,Exodus,ex,"Portal Erratico","Erratic Portal",1,NM,PT,R,C,,132,
,"FINAL FANTASY",fin,,"Barret Wallace",1,NM,EN,U,R,,129,
,"FINAL FANTASY",fin,,"Phoenix Down",1,NM,EN,U,W,,29,
,"FINAL FANTASY",fin,,"Summon: Knights of Round",1,NM,EN,M,W,,36,
,"FINAL FANTASY",fin,,"Zack Fair",1,NM,EN,U,W,,45,
,"FINAL FANTASY Commander",fic,Adeus,Farewell,1,NM,EN,R,W,,242,
,"FINAL FANTASY Commander",fic,,"Aerith, Last Ancient",1,NM,EN,R,M,,76,
,"FINAL FANTASY Commander",fic,"Aldeia Fortificada","Fortified Village",1,NM,EN,R,L,,396,
,"FINAL FANTASY Commander",fic,"Anel Solar (#357)","Sol Ring (#357)",1,NM,EN,U,C,,357,
,"FINAL FANTASY Commander",fic,"Assuntos Pendentes","Unfinished Business",1,NM,EN,R,W,,259,
,"FINAL FANTASY Commander",fic,"Automato do Arsenal","Armory Automaton",1,NM,EN,R,C,,336,
,"FINAL FANTASY Commander",fic,,"Avalanche of Sector 7",1,NM,EN,R,R,,53,
,"FINAL FANTASY Commander",fic,"Balista Ambulante","Walking Ballista",1,NM,EN,R,C,,371,
,"FINAL FANTASY Commander",fic,,"Barret, Avalanche Leader",1,NM,EN,R,M,,79,
,"FINAL FANTASY Commander",fic,"Bosque da Petala Solar","Sunpetal Grove",1,NM,EN,R,L,,432,
,"FINAL FANTASY Commander",fic,"Bosque das Tochas","Fire-Lit Thicket",1,NM,EN,R,L,,392,
,"FINAL FANTASY Commander",fic,"Bosque Radiante","Radiant Grove",1,NM,EN,C,L,,414,
,"FINAL FANTASY Commander",fic,"Botas do Desbravador","Trailblazer's Boots",1,NM,EN,U,C,,370,
,"FINAL FANTASY Commander",fic,,"Bugenhagen, Wise Elder",1,NM,EN,R,G,,66,
,"FINAL FANTASY Commander",fic,,"Cait Sith, Fortune Teller",1,NM,EN,R,R,,54,
,"FINAL FANTASY Commander",fic,"Caminho da Ascendencia","Path of Ancestry",1,NM,EN,C,L,,411,
,"FINAL FANTASY Commander",fic,,"Cid, Freeflier Pilot",1,NM,EN,R,W,,13,
,"FINAL FANTASY Commander",fic,"Clareira das Cinzas","Cinder Glade",1,NM,EN,R,L,,380,
,"FINAL FANTASY Commander",fic,,"Cloud's Limit Break",1,NM,EN,R,W,,14,
,"FINAL FANTASY Commander",fic,,"Cloud, Ex-SOLDIER",1,NM,EN,M,M,Foil,2,
,"FINAL FANTASY Commander",fic,"Comando Austero","Austere Command",1,NM,EN,R,W,,231,
,"FINAL FANTASY Commander",fic,,"Conformer Shuriken",1,NM,EN,R,C,,98,
,"FINAL FANTASY Commander",fic,"Couraca de Aco Negro","Darksteel Plate",1,NM,EN,R,C,,342,
,"FINAL FANTASY Commander",fic,"Crescimento Exuberante","Rampant Growth",1,NM,EN,C,G,,313,
,"FINAL FANTASY Commander",fic,Cultivar,Cultivate,1,NM,EN,C,G,,300,
,"FINAL FANTASY Commander",fic,"Cume Arborizado","Wooded Ridgeline",1,NM,EN,C,L,,441,
,"FINAL FANTASY Commander",fic,"Desolacao Fumegante","Ash Barrens",1,NM,EN,C,L,,374,
,"FINAL FANTASY Commander",fic,Despachar,Dispatch,1,NM,EN,U,W,,241,
,"FINAL FANTASY Commander",fic,"Distorcao Caotica","Chaos Warp",1,NM,EN,R,R,,291,
,"FINAL FANTASY Commander",fic,Dizimar,Decimate,1,NM,EN,R,M,,323,
,"FINAL FANTASY Commander",fic,,"Elena, Turk Recruit",1,NM,EN,R,W,,18,
,"FINAL FANTASY Commander",fic,"Elmo do Campeao","Champion's Helm",1,NM,EN,R,C,,337,
,"FINAL FANTASY Commander",fic,"Enclave dos Vinculadores","Bonders' Enclave",1,NM,EN,R,L,,376,
,"FINAL FANTASY Commander",fic,"Encontro Sagrado (#217)","Secret Rendezvous (#217)",1,NM,EN,U,W,,217,
,"FINAL FANTASY Commander",fic,"Escalada Furiosa","Furious Rise",1,NM,EN,U,R,,294,
,"FINAL FANTASY Commander",fic,"Escopo do Explorador","Explorer's Scope",1,NM,EN,C,C,,344,
,"FINAL FANTASY Commander",fic,"Espada da Animista","Sword of the Animist",2,NM,EN,R,C,,362,
,"FINAL FANTASY Commander",fic,"Estatuaria Inspiradora","Inspiring Statuary",1,NM,EN,R,C,,347,
,"FINAL FANTASY Commander",fic,"Explosao Vandalica",Vandalblast,1,NM,EN,U,R,,298,
,"FINAL FANTASY Commander",fic,"Forjaria do Campo de Batalha","Battlefield Forge",1,NM,EN,R,L,,375,
,"FINAL FANTASY Commander",fic,"Fortaleza dos Matadores","Slayers' Stronghold",1,NM,EN,R,L,,424,
,"FINAL FANTASY Commander",fic,"Grevas Faiscantes","Lightning Greaves",1,NM,EN,U,C,,349,
,"FINAL FANTASY Commander",fic,"Guardiao de Bronze","Bronze Guardian",1,NM,EN,R,W,,234,
,"FINAL FANTASY Commander",fic,Harmonizar,Harmonize,1,NM,EN,U,G,,308,
,"FINAL FANTASY Commander",fic,,"Heidegger, Shinra Executive",1,NM,EN,R,W,,21,
,"FINAL FANTASY Commander",fic,,Helitrooper,1,NM,EN,R,W,,22,
,"FINAL FANTASY Commander",fic,"Heranca do Heroi","Hero's Heirloom",1,NM,EN,U,C,,346,
,"FINAL FANTASY Commander",fic,"Lamina do Heroi","Hero's Blade",1,NM,EN,U,C,,345,
,"FINAL FANTASY Commander",fic,"Liame da Calmafuriosa","Furycalm Snarl",1,NM,EN,R,L,,397,
,"FINAL FANTASY Commander",fic,,"Lifestream's Blessing",1,NM,EN,R,G,,67,
,"FINAL FANTASY Commander",fic,Macegal,Brushland,1,NM,EN,R,L,,377,
,"FINAL FANTASY Commander",fic,"Mangual do Conquistador","Conqueror's Flail",1,NM,EN,R,C,,340,
,"FINAL FANTASY Commander",fic,"Martelo Behemoth","Behemoth Sledge",1,NM,EN,U,M,,320,
,"FINAL FANTASY Commander",fic,"Martelo do Colosso","Colossus Hammer",1,NM,EN,U,C,,338,
,"FINAL FANTASY Commander",fic,"Mascara da Memoria","Mask of Memory",1,NM,EN,U,C,,350,
,"FINAL FANTASY Commander",fic,"Ocultacao Sagaz","Clever Concealment",1,NM,EN,R,W,,236,
,"FINAL FANTASY Commander",fic,"Paladino de Aco Puro","Puresteel Paladin",1,NM,EN,R,W,,250,
,"FINAL FANTASY Commander",fic,"Penhasco do Raizame","Rootbound Crag",1,NM,EN,R,L,,416,
,"FINAL FANTASY Commander",fic,"Picos Sagrados","Sacred Peaks",1,NM,EN,C,L,,418,
,"FINAL FANTASY Commander",fic,"Pinca Craniana",Skullclamp,1,NM,EN,U,C,,355,
,"FINAL FANTASY Commander",fic,"Pomar Exotico","Exotic Orchard",1,NM,EN,R,L,,390,
,"FINAL FANTASY Commander",fic,"Pradaria de Capim Solar","Sungrass Prairie",1,NM,EN,R,L,,428,
,"FINAL FANTASY Commander",fic,"Prado Pedregoso","Rugged Prairie",1,NM,EN,R,L,,417,
,"FINAL FANTASY Commander",fic,,"Professor Hojo",1,NM,EN,R,G,,69,
,"FINAL FANTASY Commander",fic,"Protetora do Bastiao","Bastion Protector",1,NM,EN,R,W,,233,
,"FINAL FANTASY Commander",fic,"Quebra-cara Profissional","Professional Face-Breaker",1,NM,EN,R,R,,296,
,"FINAL FANTASY Commander",fic,,"Red XIII, Proud Warrior",1,NM,EN,R,M,,91,
,"FINAL FANTASY Commander",fic,"Retiro da Falesia","Clifftop Retreat",1,NM,EN,R,L,,381,
,"FINAL FANTASY Commander",fic,"Sabedoria da Natureza","Nature's Lore",1,NM,EN,C,G,,311,
,"FINAL FANTASY Commander",fic,"Sacrario da Selva","Jungle Shrine",1,NM,EN,U,L,,406,
,"FINAL FANTASY Commander",fic,,"Sephiroth, Fallen Hero",1,NM,EN,R,M,,92,
,"FINAL FANTASY Commander",fic,"Sinete Arcano (#333)","Arcane Signet (#333)",1,NM,EN,C,C,,333,
,"FINAL FANTASY Commander",fic,,"SOLDIER Military Program",1,NM,EN,R,W,,25,
,"FINAL FANTASY Commander",fic,"Subjugar a Horda","Vanquish the Horde",1,NM,EN,R,W,,260,
,"FINAL FANTASY Commander",fic,,"Summon: Kujata",1,NM,PT,R,R,,61,
,"FINAL FANTASY Commander",fic,,"Summoning Materia",1,NM,EN,R,G,,72,
,"FINAL FANTASY Commander",fic,,"Sunscorched Divide",1,NM,EN,R,L,,433,
,"FINAL FANTASY Commander",fic,"Terras em Desenvolvimento","Evolving Wilds",1,NM,EN,C,L,,389,
,"FINAL FANTASY Commander",fic,"Territorio dos Necrofagos","Scavenger Grounds",1,NM,EN,R,L,,419,
,"FINAL FANTASY Commander",fic,,"Tifa, Martial Artist",2,NM,EN,M,M,Foil,6,
,"FINAL FANTASY Commander",fic,"Tirano Dragao Averneo","Hellkite Tyrant",1,NM,EN,R,R,,295,
,"FINAL FANTASY Commander",fic,"Torre da Industria","Spire of Industry",1,NM,EN,R,L,,426,
,"FINAL FANTASY Commander",fic,"Torre de Comando (#485)","Command Tower (#485)",1,NM,EN,C,L,,485,
,"FINAL FANTASY Commander",fic,"Trilha de Caca","Game Trail",1,NM,EN,R,L,,398,
,"FINAL FANTASY Commander",fic,,"Ultimate Magic: Holy",1,NM,EN,R,W,,32,
,"FINAL FANTASY Commander",fic,,"Ultimate Magic: Meteor",1,NM,PT,R,R,,62,
,"FINAL FANTASY Commander",fic,"Vale de Piromusgo","Mossfire Valley",1,NM,EN,R,L,,407,
,"FINAL FANTASY Commander",fic,,"Vincent, Vengeful Atoner",1,NM,EN,R,R,,64,
,"FINAL FANTASY Commander",fic,"Vista do Dossel","Canopy Vista",1,NM,EN,R,L,,378,
,"FINAL FANTASY Commander",fic,,"Wakka, Devoted Guardian",1,NM,EN,R,M,,97,
,"FINAL FANTASY Commander",fic,,"Wrecking Ball Arm",1,NM,EN,R,C,,100,
,"FINAL FANTASY Commander",fic,,"Yuffie, Materia Hunter",1,NM,EN,R,R,,65,
,"FINAL FANTASY Commander (Extended Art)",eafic,,Snort,1,NM,EN,R,R,Foil,120,
Flagelo,Scourge,sc,"Dragao Tirano","Dragon Tyrant",1,NM,PT,R,R,,88,
,"Forgotten Realms Commander",afc,"Anjo da Explosao Solar","Sunblast Angel",1,NM,PT,R,W,,74,
,"Forgotten Realms Commander",afc,"Anjo da Finalidade","Angel of Finality",1,NM,PT,R,W,,63,
,"Forgotten Realms Commander",afc,"Tesouro do Dragao","Dragon's Hoard",1,NM,PT,R,C,,204,
,Foundations,fdn,"Companheiro de Bando de Ajani","Ajani's Pridemate",3,NM,EN,U,W,,135,
,Foundations,fdn,"Companheiro de Bando de Ajani","Ajani's Pridemate",1,NM,EN,U,W,Foil,135,
,Foundations,fdn,,"Exemplar of Light",1,SP,EN,R,W,,11,
,Foundations,fdn,"Falcao do Curandeiro","Healer's Hawk",4,NM,EN,C,W,,142,
,Foundations,fdn,"Falcao do Curandeiro","Healer's Hawk",1,NM,EN,C,W,Foil,142,
,Foundations,fdn,"Giada, Fonte de Esperanca","Giada, Font of Hope",1,NM,PT,R,W,,141,
,Foundations,fdn,"Valquiria Jovem","Youthful Valkyrie",1,NM,EN,U,W,,149,
,"Foundations (Beginner Box)",bbfdn,"Supervisor Inspirador","Inspiring Overseer",1,NM,EN,C,W,,496,
,"Foundations (Borderless)",blfdn,,"Exemplar of Light",1,NM,JP,R,W,Foil,297,
,"Foundations Jumpstart 2025",j25,"Acampamento Ghitu","Ghitu Encampment",1,NM,EN,U,L,,155,
,"Foundations Jumpstart 2025",j25,"Paradigma de Nyktos","Nykthos Paragon",1,NM,EN,R,W,,230,
,"Friday Night Magic",fnmp,"Iluminar o Palco","Light Up the Stage",1,NM,PT,U,R,Foil,218,
"Guildas de Ravnica","Guilds of Ravnica",grn,"Campo Eletrostatico","Electrostatic Field",1,SP,EN,U,R,,97,
"Guildas de Ravnica","Guilds of Ravnica",grn,"Testemunha Cacada","Hunted Witness",1,NM,EN,C,W,,15,
"Guildas de Ravnica","Guilds of Ravnica",grn,"Tribunal do Conclave","Conclave Tribunal",4,NM,EN,U,W,,6,
"Hora da Devastação","Hour of Devastation",hou,"Ruinas de Ramunap","Ramunap Ruins",1,NM,PT,U,L,,181,
,"Iconic Masters",ima,"Acordo Angelical","Angelic Accord",1,NM,EN,U,W,,7,
,"Iconic Masters",ima,"Ascendente de Serra","Serra Ascendant",1,NM,EN,R,W,,31,
,"Iconic Masters",ima,"Dragao Averneo Trovejante","Thundermaw Hellkite",1,NM,EN,M,R,Foil,149,
,"Iconic Masters",ima,"Ovo de Dragao","Dragon Egg",1,NM,EN,C,R,,124,
,"Iconic Masters",ima,"Pedra da Mente","Mind Stone",1,NM,EN,C,C,,219,
"Ikoria: Terra de Colossos","Ikoria: Lair of Behemoths",iko,"Esfera de Captura","Capture Sphere",1,NM,PT,C,U,,44,
"Ikoria: Terra de Colossos","Ikoria: Lair of Behemoths",iko,"Lontra Ladra","Thieving Otter",1,NM,PT,C,U,,69,
"Ikoria: Terra de Colossos","Ikoria: Lair of Behemoths",iko,"Luz da Esperanca","Light of Hope",1,NM,PTEN,C,W,,20,
"Ikoria: Terra de Colossos","Ikoria: Lair of Behemoths",iko,"Planalto Acidentado","Rugged Highlands",1,NM,PT,C,L,,252,
"Ikoria: Terra de Colossos","Ikoria: Lair of Behemoths",iko,"Salva Incandescente","Blazing Volley",4,NM,PT,C,R,,107,
,"Innistrad Remastered",inr,"Bruna, a Luz Desvanecente","Bruna, the Fading Light",1,NM,EN,R,W,,14,
,"Innistrad Remastered",inr,"Epicurista Voldaren","Voldaren Epicure",4,NM,EN,C,R,,182,
"Innistrad: Caçada à Meia-noite","Innistrad: Midnight Hunt",mid,"Brincar com Fogo","Play with Fire",4,NM,PT,U,R,,154,
"Innistrad: Caçada à Meia-noite","Innistrad: Midnight Hunt",mid,"Ovo Fumegante","Smoldering Egg",1,NM,EN,R,R,Foil,159,
,"Innistrad: Double Feature",dbl,"Chandra, Vestida para Matar","Chandra, Dressed to Kill",1,NM,PT,M,R,Foil,416,
,"Innistrad: Double Feature",dbl,"Ovo Fumegante","Smoldering Egg",1,NM,EN,R,R,,159,
"Innistrad: Voto Carmesim","Innistrad: Crimson Vow",vow,Abrasao,Abrade,4,NM,PT,C,R,,139,
"Innistrad: Voto Carmesim","Innistrad: Crimson Vow",vow,"Aranha da Prole Maligna","Vilespawn Spider",1,NM,PT,U,M,,250,
"Innistrad: Voto Carmesim","Innistrad: Crimson Vow",vow,"Celebradora das Petalas de Sangue","Blood Petal Celebrant",1,NM,PT,C,R,,146,
"Innistrad: Voto Carmesim","Innistrad: Crimson Vow",vow,"Celebrante Profano","Unholy Officiant",1,NM,PT,C,W,,41,
"Innistrad: Voto Carmesim","Innistrad: Crimson Vow",vow,"Chama Dilacerante","Rending Flame",1,NM,PT,U,R,,175,
"Innistrad: Voto Carmesim","Innistrad: Crimson Vow",vow,"Chandra, Vestida para Matar","Chandra, Dressed to Kill",1,NM,PT,M,R,,149,
"Innistrad: Voto Carmesim","Innistrad: Crimson Vow",vow,"Emboscada Serpentina","Serpentine Ambush",1,NM,PT,C,U,,77,
"Innistrad: Voto Carmesim","Innistrad: Crimson Vow",vow,"Incendiario Volatil","Volatile Arsonist",1,NM,PT,M,R,,181,
"Innistrad: Voto Carmesim","Innistrad: Crimson Vow",vow,"Instigadora da Milicia","Militia Rallier",1,NM,PT,C,W,Foil,24,
"Innistrad: Voto Carmesim","Innistrad: Crimson Vow",vow,"Janela Barrada","Boarded Window",1,NM,PT,U,C,,253,
"Innistrad: Voto Carmesim","Innistrad: Crimson Vow",vow,"Lanceiro Remendado","Cobbled Lancer",1,NM,PT,U,U,,52,
"Innistrad: Voto Carmesim","Innistrad: Crimson Vow",vow,"Matadora de Vampiros","Vampire Slayer",1,NM,PT,C,W,,43,
"Innistrad: Voto Carmesim","Innistrad: Crimson Vow",vow,"Monstruosidade da Luz Pavorosa","Dreadlight Monstrosity",1,NM,PT,C,U,,57,
"Innistrad: Voto Carmesim","Innistrad: Crimson Vow",vow,Morcego-correio,"Courier Bat",1,NM,PT,C,B,,102,
"Innistrad: Voto Carmesim","Innistrad: Crimson Vow",vow,"Postura Valente","Valorous Stance",1,NM,PT,U,W,,42,
"Innistrad: Voto Carmesim","Innistrad: Crimson Vow",vow,Sincopar,Syncopate,1,NM,PT,C,U,,83,
"Innistrad: Voto Carmesim","Innistrad: Crimson Vow",vow,"Skaab da Aberracao Celeste","Skywarp Skaab",1,NM,PT,C,U,,78,
"Innistrad: Voto Carmesim","Innistrad: Crimson Vow",vow,"Tecela de Flores","Weaver of Blossoms",1,NM,PT,C,G,,226,
"Innistrad: Voto Carmesim","Innistrad: Crimson Vow",vow,"Thalia, Guardia de Thraben","Thalia, Guardian of Thraben",1,NM,PT,R,W,,38,
"Innistrad: Voto Carmesim","Innistrad: Crimson Vow",vow,"Thalia, Guardia de Thraben","Thalia, Guardian of Thraben",1,NM,PT,R,W,Foil,38,
"Innistrad: Voto Carmesim","Innistrad: Crimson Vow",vow,"Velho Rutstein","Old Rutstein",1,NM,PT,R,M,,244,
"Innistrad: Voto Carmesim (Commander)","Innistrad: Crimson Vow (Commander)",voc,"Pesadelo da Forca Trovejante","Thundering Mightmare",1,NM,PT,R,G,,37,
"Innistrad: Voto Carmesim (Commander)","Innistrad: Crimson Vow (Commander)",voc,"Serafim Guardia dos Alentos","Breathkeeper Seraph",1,NM,JP,R,W,,31,
"Innistrad: Voto Carmesim (Commander)","Innistrad: Crimson Vow (Commander)",voc,"Serafim Guardia dos Alentos","Breathkeeper Seraph",1,NM,PT,R,W,,31,
"Innistrad: Voto Carmesim (Commander)","Innistrad: Crimson Vow (Commander)",voc,"Sinete Arcano","Arcane Signet",1,NM,PT,C,C,,159,
"Innistrad: Voto Carmesim (Variantes)","Innistrad: Crimson Vow (Variants)",vvow,"Celebrante Profano","Unholy Officiant",1,NM,PT,C,W,,286,
"Innistrad: Voto Carmesim (Variantes)","Innistrad: Crimson Vow (Variants)",vvow,"Chandra, Vestida para Matar","Chandra, Dressed to Kill",1,NM,EN,M,R,,279,
"Innistrad: Voto Carmesim (Variantes)","Innistrad: Crimson Vow (Variants)",vvow,"Coletor do Dizimo de Sangue","Bloodtithe Harvester",1,NM,PT,U,M,,310,
"Innistrad: Voto Carmesim (Variantes)","Innistrad: Crimson Vow (Variants)",vvow,"Convidada Beligerante","Belligerent Guest",1,NM,PT,C,R,,301,
,Ixalan,xln,"Guarda de Honra do Tocatli","Tocatli Honor Guard",2,NM,EN,R,W,,42,
,Ixalan,xln,"Vanguarda de Adanto","Adanto Vanguard",4,NM,EN,U,W,,1,
,"Jumpstart 2022",j22,"Valquiria Anunciadora","Valkyrie Harbinger",1,NM,EN,R,W,,261,
,"Jumpstart 2022",j22,"Valquiria Justa","Righteous Valkyrie",1,NM,EN,R,W,,234,
,"Jumpstart 2022",j22,"Valquiria Justa","Righteous Valkyrie",1,NM,PT,R,W,Promo,234,
,Kaladesh,kld,"Autoridade dos Consules","Authority of the Consuls",1,NM,PT,R,W,,5,
,Kaladesh,kld,"Chandra, Pirogenia","Chandra, Pyrogenius",1,NM,PT,M,R,Foil,265,
,Kaldheim,khm,"Aspirante de Starnheim","Starnheim Aspirant",1,NM,EN,U,W,,380,
,Kaldheim,khm,"Dragao da Ponte Dourada","Goldspan Dragon",3,NM,PT,M,R,,139,
,Kaldheim,khm,"Elixir do Cosmos","Cosmos Elixir",1,NM,EN,R,C,Foil,237,
,Kaldheim,khm,"Mordida Gelida","Frost Bite",4,NM,PT,C,R,,138,
,Kaldheim,khm,"Refugio sem Rosto","Faceless Haven",4,NM,EN,R,L,,255,
"Kamigawa: Dinastia Neon","Kamigawa: Neon Dynasty",neo,"Fabula do Quebrador de Espelhos","Fable of the Mirror-Breaker",1,NM,PT,R,R,,141,
"Kamigawa: Dinastia Neon","Kamigawa: Neon Dynasty",neo,"Kumano Enfrenta Kakkazan","Kumano Faces Kakkazan",4,NM,PT,U,R,,152,
"Kamigawa: Dinastia Neon","Kamigawa: Neon Dynasty",neo,"Sintetizador Experimental","Experimental Synthesizer",4,NM,EN,C,R,,138,
"Lealdade em Ravnica","Ravnica Allegiance",rna,"Dizimo Sufocante","Smothering Tithe",1,NM,PT,R,W,,22,
"Lealdade em Ravnica","Ravnica Allegiance",rna,"Iluminar o Palco","Light Up the Stage",1,NM,PT,U,R,,107,
"Lealdade em Ravnica","Ravnica Allegiance",rna,"Iluminar o Palco","Light Up the Stage",1,NM,EN,U,R,,107,
"Lealdade em Ravnica","Ravnica Allegiance",rna,"Iluminar o Palco","Light Up the Stage",1,NM,PT,U,R,,107,
"Lua Arcana","Eldritch Moon",emn,"Gisela, a Lamina Partida","Gisela, the Broken Blade",1,NM,PT,M,W,,28,
"Magic 2011","Magic 2011",m11,"Anjo de Platina","Platinum Angel",1,NM,PT,M,C,,212,
"Magic 2011","Magic 2011",m11,Raio,"Lightning Bolt",2,NM,EN,C,R,,149,
"Magic 2012","Magic 2012",m12,Abolidor-Mor,"Grand Abolisher",1,NM,EN,R,W,,19,
"Magic 2013","Magic 2013",m13,"Dragao Adormecido","Slumbering Dragon",1,NM,PT,R,R,,148,
"Magic 2014","Magic 2014",m14,"Arcanjo de Thune","Archangel of Thune",1,NM,PT,M,W,,5,
"Magic 2014","Magic 2014",m14,"Porta dos Destinos","Door of Destinies",1,NM,TK,R,C,,208,
"Magic 2014","Magic 2014",m14,Silencio,Silence,1,NM,PT,R,W,,35,
,"Magic 2015",m15,"Dragao de Cerco","Siege Dragon",1,NM,PT,R,R,,162,
"Magic Origens","Magic Origins",ori,"Arcanjo dos Dizimos","Archangel of Tithes",1,NM,PT,M,W,,4,
"Marcha das Máquinas","March of the Machines",mom,"Aticar as Chamas","Stoke the Flames",1,NM,PT,U,R,,166,
"Marcha das Máquinas: Commander","March of the Machines: Commander",moc,"Anjo Estilhacado","Shattered Angel",1,NM,PT,U,W,,206,
,"Marvel Super Heroes Commander",msc,"Elmo Multiplicador","Helm of the Host",1,NM,EN,R,C,,200,
,"Marvel Super Heroes Commander",msc,"Espadas em Arados","Swords to Plowshares",1,NM,EN,U,W,,143,
,"Marvel Super Heroes Commander",msc,"Porta dos Destinos","Door of Destinies",1,NM,EN,R,C,,198,
,"Marvel Super Heroes Commander",msc,"Presente Generoso","Generous Gift",1,NM,EN,U,W,,133,
Mirrodin,Mirrodin,mi,"Grande Fornalha","Great Furnace",4,NM,EN,C,L,,282,
Mirrodin,Mirrodin,mi,"Myr de Ferro","Iron Myr",1,NM,PT,C,C,,187,
,"Modern Horizons 2",mh2,"Fabrica de Mishra","Mishra's Factory",1,NM,EN,U,L,,302,
,"Modern Horizons 2 (Sketch)",skmh2,"Sentinela de Esper","Esper Sentinel",1,NM,PT,R,W,,328,
"Modern Horizons 3","Modern Horizons 3",mh3,"Incubador de Urza","Urza's Incubator",1,NM,EN,R,C,Foil,297,
"Modern Horizons 3","Modern Horizons 3",mh3,"Ornato de Perola","Pearl Medallion",1,NM,EN,R,C,,294,
"Modern Horizons 3","Modern Horizons 3",mh3,"Ornato de Rubi","Ruby Medallion",1,NM,EN,R,C,,295,
"Modern Horizons 3","Modern Horizons 3",mh3,"Pedra de Energia Gasta","Worn Powerstone",1,NM,EN,U,C,,298,
"Modern Horizons 3 Commander","Modern Horizons 3 Commander",m3c,"Quebra-cara Profissional","Professional Face-Breaker",1,NM,EN,R,R,,216,
,"Modern Masters 2015",mm2,"Reduzir a Cacos","Smash to Smithereens",3,NM,EN,C,R,,124,
Nêmesis,Nemesis,ne,"Portal de Belbe","Belbe's Portal",1,NM,EN,R,C,,127,
"Noctumbra: A Casa dos Horrores","Duskmourn: House of Horror",dsk,,"Clockwork Percussionist",4,NM,EN,C,R,,130,
"Noctumbra: A Casa dos Horrores","Duskmourn: House of Horror",dsk,,"Leyline of Resonance",4,NM,EN,R,R,,143,
"Noctumbra: A Casa dos Horrores","Duskmourn: House of Horror",dsk,,"Painter's Studio // Defaced Gallery",3,NM,EN,U,R,,147,
"Noctumbra: A Casa dos Horrores","Duskmourn: House of Horror",dsk,,"Screaming Nemesis",3,NM,EN,M,R,,157,
"Noctumbra: A Casa dos Horrores Commander","Duskmourn: House of Horror Commander",dsc,"Ravina de Shiv","Shivan Gorge",1,NM,EN,R,L,,297,
"O Senhor dos Anéis: Contos da Terra Média","Lord of the Rings: Tales of Middle-Earth",ltr,"A Batalha de Beiragua","The Battle of Bywater",1,NM,PT,R,W,,2,
"O Senhor dos Anéis: Contos da Terra Média","Lord of the Rings: Tales of Middle-Earth",ltr,"Alvorecer de Uma Nova Era","Dawn of a New Age",1,NM,PT,M,W,,5,
"O Senhor dos Anéis: Contos da Terra Média","Lord of the Rings: Tales of Middle-Earth",ltr,"Anduril, Chama do Oeste","Anduril, Flame of the West",1,NM,EN,M,C,Foil,236,
"O Senhor dos Anéis: Contos da Terra Média","Lord of the Rings: Tales of Middle-Earth",ltr,"Anel de Bilbo","Bilbo's Ring",1,NM,PT,R,C,,298,
"O Senhor dos Anéis: Contos da Terra Média","Lord of the Rings: Tales of Middle-Earth",ltr,"Apaziguamento de Smeagol","Soothing of Smeagol",1,NM,EN,C,U,,70,
"O Senhor dos Anéis: Contos da Terra Média","Lord of the Rings: Tales of Middle-Earth",ltr,"Aragorn e Arwen, Casados","Aragorn and Arwen, Wed",1,NM,PT,M,M,Foil,287,
"O Senhor dos Anéis: Contos da Terra Média","Lord of the Rings: Tales of Middle-Earth",ltr,"Aragorn, Lider da Sociedade","Aragorn, Company Leader",1,NM,PT,R,M,,191,
"O Senhor dos Anéis: Contos da Terra Média","Lord of the Rings: Tales of Middle-Earth",ltr,"Artimanhas de Saruman","Saruman's Trickery",1,NM,EN,U,U,,68,
"O Senhor dos Anéis: Contos da Terra Média","Lord of the Rings: Tales of Middle-Earth",ltr,"Arwen, Rainha Mortal","Arwen, Mortal Queen",1,NM,PT,M,M,"Foil, Pre Release",193,
"O Senhor dos Anéis: Contos da Terra Média","Lord of the Rings: Tales of Middle-Earth",ltr,"Atalho para os Cogumelos","Shortcut to Mushrooms",1,NM,EN,U,G,,187,
"O Senhor dos Anéis: Contos da Terra Média","Lord of the Rings: Tales of Middle-Earth",ltr,"Bacia de Elixir de Ent","Ent-Draught Basin",1,NM,PT,U,C,,238,
"O Senhor dos Anéis: Contos da Terra Média","Lord of the Rings: Tales of Middle-Earth",ltr,"Banir de Edoras","Banish from Edoras",2,NM,PT,C,W,,1,
"O Senhor dos Anéis: Contos da Terra Média","Lord of the Rings: Tales of Middle-Earth",ltr,"Bill, o Ponei","Bill the Pony",1,NM,PT,U,W,,3,
"O Senhor dos Anéis: Contos da Terra Média","Lord of the Rings: Tales of Middle-Earth",ltr,"Caes de Guarda dos Cogumelos","Mushroom Watchdogs",1,NM,PT,C,G,,180,
"O Senhor dos Anéis: Contos da Terra Média","Lord of the Rings: Tales of Middle-Earth",ltr,"Cancao de Bombadil","Bombadil's Song",2,NM,PTEN,C,G,,154,
"O Senhor dos Anéis: Contos da Terra Média","Lord of the Rings: Tales of Middle-Earth",ltr,"Capita de Umbar","Captain of Umbar",1,NM,EN,C,U,,45,
"O Senhor dos Anéis: Contos da Terra Média","Lord of the Rings: Tales of Middle-Earth",ltr,"Carrapicho, Estalajadeiro de Bree","Butterbur, Bree Innkeeper",1,NM,PT,U,M,,197,
"O Senhor dos Anéis: Contos da Terra Média","Lord of the Rings: Tales of Middle-Earth",ltr,"Cavaleiro da Marca Oriental","East-Mark Cavalier",3,NM,PT,C,W,,9,
"O Senhor dos Anéis: Contos da Terra Média","Lord of the Rings: Tales of Middle-Earth",ltr,"Ceifeira Tuk","Took Reaper",1,NM,PT,C,W,Foil,35,
"O Senhor dos Anéis: Contos da Terra Média","Lord of the Rings: Tales of Middle-Earth",ltr,"Colocar o Anel","Slip On the Ring",1,NM,EN,C,W,,31,
"O Senhor dos Anéis: Contos da Terra Média","Lord of the Rings: Tales of Middle-Earth",ltr,"Condestavel do Condado","Shire Shirriff",1,NM,PT,U,W,,30,
"O Senhor dos Anéis: Contos da Terra Média","Lord of the Rings: Tales of Middle-Earth",ltr,"Elfos do Encontro Fortuito","Chance-Met Elves",1,NM,EN,C,G,,157,
"O Senhor dos Anéis: Contos da Terra Média","Lord of the Rings: Tales of Middle-Earth",ltr,"Envelope Herdado","Inherited Envelope",1,NM,EN,C,C,,242,
"O Senhor dos Anéis: Contos da Terra Média","Lord of the Rings: Tales of Middle-Earth",ltr,"Envelope Herdado","Inherited Envelope",1,NM,PT,C,C,,242,
"O Senhor dos Anéis: Contos da Terra Média","Lord of the Rings: Tales of Middle-Earth",ltr,"Eomer da Marca dos Cavaleiros","Eomer of the Riddermark",2,NM,PT,U,R,,121,
"O Senhor dos Anéis: Contos da Terra Média","Lord of the Rings: Tales of Middle-Earth",ltr,"Erkenbrand, Senhor do Folde Ocidental","Erkenbrand, Lord of Westfold",2,NM,PT,U,R,,123,
"O Senhor dos Anéis: Contos da Terra Média","Lord of the Rings: Tales of Middle-Earth",ltr,"Estafeta de Gondor","Errand-Rider of Gondor",1,NM,PT,C,W,,11,
"O Senhor dos Anéis: Contos da Terra Média","Lord of the Rings: Tales of Middle-Earth",ltr,"Faramir, Comandante de Campo","Faramir, Field Commander",1,NM,PT,U,W,,14,
"O Senhor dos Anéis: Contos da Terra Média","Lord of the Rings: Tales of Middle-Earth",ltr,"Ferroada do Hobbit","Hobbit's Sting",1,NM,PT,C,W,,20,
"O Senhor dos Anéis: Contos da Terra Média","Lord of the Rings: Tales of Middle-Earth",ltr,"Fim da Querela","Quarrel's End",2,NM,PT,C,R,,141,
"O Senhor dos Anéis: Contos da Terra Média","Lord of the Rings: Tales of Middle-Earth",ltr,"Florescimento da Arvore Branca","Flowering of the White Tree",1,NM,EN,R,W,,15,
"O Senhor dos Anéis: Contos da Terra Média","Lord of the Rings: Tales of Middle-Earth",ltr,"Florescimento da Arvore Branca","Flowering of the White Tree",1,NM,PT,R,W,Foil,15,
"O Senhor dos Anéis: Contos da Terra Média","Lord of the Rings: Tales of Middle-Earth",ltr,"Fogos do Monte da Perdicao","Fires of Mount Doom",1,NM,PT,R,R,,294,
"O Senhor dos Anéis: Contos da Terra Média","Lord of the Rings: Tales of Middle-Earth",ltr,"Frodo Bolseiro","Frodo Baggins",1,NM,EN,U,M,,205,
"O Senhor dos Anéis: Contos da Terra Média","Lord of the Rings: Tales of Middle-Earth",ltr,"Frodo, Heroi Determinado","Frodo, Determined Hero",1,NM,PT,R,W,,289,
"O Senhor dos Anéis: Contos da Terra Média","Lord of the Rings: Tales of Middle-Earth",ltr,"Furia de Gimli","Gimli's Fury",1,NM,PT,C,R,,131,
"O Senhor dos Anéis: Contos da Terra Média","Lord of the Rings: Tales of Middle-Earth",ltr,"Galadriel de Lothlorien","Galadriel of Lothlorien",1,NM,PT,R,M,"Foil, Pre Release",206,
"O Senhor dos Anéis: Contos da Terra Média","Lord of the Rings: Tales of Middle-Earth",ltr,"Galadriel, a Generosa","Galadriel, Gift-Giver",1,NM,PT,R,G,,296,
"O Senhor dos Anéis: Contos da Terra Média","Lord of the Rings: Tales of Middle-Earth",ltr,"Gandalf, Cavaleiro Branco","Gandalf, White Rider",1,NM,PT,R,W,,290,
"O Senhor dos Anéis: Contos da Terra Média","Lord of the Rings: Tales of Middle-Earth",ltr,"Gimli, Contador de Abates","Gimli, Counter of Kills",1,NM,EN,U,R,,129,
"O Senhor dos Anéis: Contos da Terra Média","Lord of the Rings: Tales of Middle-Earth",ltr,"Ginete do Folde Ocidental","Westfold Rider",2,NM,PT,C,W,,37,
"O Senhor dos Anéis: Contos da Terra Média","Lord of the Rings: Tales of Middle-Earth",ltr,"Golpear o Imortal","Smite the Deathless",1,NM,PT,C,R,,148,
"O Senhor dos Anéis: Contos da Terra Média","Lord of the Rings: Tales of Middle-Earth",ltr,"Gorbag de Minas Morgul","Gorbag of Minas Morgul",1,NM,EN,U,B,,86,
"O Senhor dos Anéis: Contos da Terra Média","Lord of the Rings: Tales of Middle-Earth",ltr,"Grande Salao da Cidadela","Great Hall of the Citadel",2,NM,PT,C,L,,254,
"O Senhor dos Anéis: Contos da Terra Média","Lord of the Rings: Tales of Middle-Earth",ltr,"Grishnakh, Instigador Ousado","Grishnakh, Brash Instigator",1,NM,PT,U,R,,134,
"O Senhor dos Anéis: Contos da Terra Média","Lord of the Rings: Tales of Middle-Earth",ltr,"Inscricao Ardente","Fiery Inscription",1,NM,EN,U,R,Foil,126,
"O Senhor dos Anéis: Contos da Terra Média","Lord of the Rings: Tales of Middle-Earth",ltr,"La e De Volta Outra Vez","There and Back Again",1,NM,PT,R,R,,151,
"O Senhor dos Anéis: Contos da Terra Média","Lord of the Rings: Tales of Middle-Earth",ltr,"Lamina dos Dunedain","Dunedain Blade",3,NM,PT,C,W,,6,
"O Senhor dos Anéis: Contos da Terra Média","Lord of the Rings: Tales of Middle-Earth",ltr,"Lamina dos Tumulos",Barrow-Blade,1,NM,EN,U,C,,237,
"O Senhor dos Anéis: Contos da Terra Média","Lord of the Rings: Tales of Middle-Earth",ltr,"Lancar ao Fogo","Cast into the Fire",2,NM,PT,C,R,,118,
"O Senhor dos Anéis: Contos da Terra Média","Lord of the Rings: Tales of Middle-Earth",ltr,"Lanceiro Rohirrim","Rohirrim Lancer",3,NM,PT,C,R,,146,
"O Senhor dos Anéis: Contos da Terra Média","Lord of the Rings: Tales of Middle-Earth",ltr,"Lobelia Sacola-Bolseiro","Lobelia Sackville-Baggins",1,NM,EN,R,B,,93,
"O Senhor dos Anéis: Contos da Terra Média","Lord of the Rings: Tales of Middle-Earth",ltr,"Meriadoc Brandebuque","Meriadoc Brandybuck",1,NM,PTEN,U,G,Foil,177,
"O Senhor dos Anéis: Contos da Terra Média","Lord of the Rings: Tales of Middle-Earth",ltr,"Minas de Moria","Mines of Moria",1,NM,PT,R,L,,257,
"O Senhor dos Anéis: Contos da Terra Média","Lord of the Rings: Tales of Middle-Earth",ltr,"Minas Tirith","Minas Tirith",1,NM,PT,R,L,,256,
"O Senhor dos Anéis: Contos da Terra Média","Lord of the Rings: Tales of Middle-Earth",ltr,"Monte da Perdicao","Mount Doom",1,NM,EN,M,L,,258,
"O Senhor dos Anéis: Contos da Terra Média","Lord of the Rings: Tales of Middle-Earth",ltr,"Mordida de Gollum","Gollum's Bite",1,NM,EN,U,B,,85,
"O Senhor dos Anéis: Contos da Terra Média","Lord of the Rings: Tales of Middle-Earth",ltr,"O Tormento de Gollum","The Torment of Gollum",1,NM,EN,C,B,,110,
"O Senhor dos Anéis: Contos da Terra Média","Lord of the Rings: Tales of Middle-Earth",ltr,"Pedra de Erech","Stone of Erech",1,NM,PT,U,C,,251,
"O Senhor dos Anéis: Contos da Terra Média","Lord of the Rings: Tales of Middle-Earth",ltr,"Perdido para as Lendas","Lost to Legend",2,NM,PT,U,W,,22,
"O Senhor dos Anéis: Contos da Terra Média","Lord of the Rings: Tales of Middle-Earth",ltr,"Porrete Improvisado","Improvised Club",2,NM,PT,C,R,,137,
"O Senhor dos Anéis: Contos da Terra Média","Lord of the Rings: Tales of Middle-Earth",ltr,"Protetor de Gondor","Protector of Gondor",2,NM,PT,C,W,,25,
"O Senhor dos Anéis: Contos da Terra Média","Lord of the Rings: Tales of Middle-Earth",ltr,"Queda Amarga","Bitter Downfall",1,NM,EN,U,B,,77,
"O Senhor dos Anéis: Contos da Terra Média","Lord of the Rings: Tales of Middle-Earth",ltr,"Reagrupar no Forte da Trombeta","Rally at the Hornburg",2,NM,PT,C,R,,142,
"O Senhor dos Anéis: Contos da Terra Média","Lord of the Rings: Tales of Middle-Earth",ltr,"Rohirrim Incansavel","Relentless Rohirrim",1,NM,PT,C,R,,144,
"O Senhor dos Anéis: Contos da Terra Média","Lord of the Rings: Tales of Middle-Earth",ltr,"Rosa Villa da Alameda Sul","Rosie Cotton of South Lane",1,NM,PT,U,W,,27,
"O Senhor dos Anéis: Contos da Terra Média","Lord of the Rings: Tales of Middle-Earth",ltr,"Samwise Gamgi","Samwise Gamgee",1,NM,PT,R,M,,222,
"O Senhor dos Anéis: Contos da Terra Média","Lord of the Rings: Tales of Middle-Earth",ltr,"Samwise, o Destemido","Samwise the Stouthearted",1,NM,PT,U,W,,28,
"O Senhor dos Anéis: Contos da Terra Média","Lord of the Rings: Tales of Middle-Earth",ltr,"Saqueador de Moria","Moria Marauder",2,NM,PT,R,R,,138,
"O Senhor dos Anéis: Contos da Terra Média","Lord of the Rings: Tales of Middle-Earth",ltr,"Saradoc, Mestre da Terra dos Buques","Saradoc, Master of Buckland",1,NM,EN,R,W,,282,
"O Senhor dos Anéis: Contos da Terra Média","Lord of the Rings: Tales of Middle-Earth",ltr,"Sauron, O Olho Sem Palpebra","Sauron, the Lidless Eye",1,NM,PT,M,M,Foil,288,
"O Senhor dos Anéis: Contos da Terra Média","Lord of the Rings: Tales of Middle-Earth",ltr,"Shagrat, Carregador de Espolios","Shagrat, Loot Bearer",2,NM,EN,R,M,,228,
"O Senhor dos Anéis: Contos da Terra Média","Lord of the Rings: Tales of Middle-Earth",ltr,"Soldado da Hoste Cinzenta","Soldier of the Grey Host",1,NM,PT,C,W,,32,
"O Senhor dos Anéis: Contos da Terra Média","Lord of the Rings: Tales of Middle-Earth",ltr,"Terraco do Condado","Shire Terrace",4,NM,PT,C,L,,261,
"O Senhor dos Anéis: Contos da Terra Média","Lord of the Rings: Tales of Middle-Earth",ltr,"Theoden, Rei de Rohan","Theoden, King of Rohan",2,NM,EN,U,M,,233,
"O Senhor dos Anéis: Contos da Terra Média","Lord of the Rings: Tales of Middle-Earth",ltr,"Ticao do Caminheiro","Ranger's Firebrand",1,NM,EN,U,R,,143,
"O Senhor dos Anéis: Contos da Terra Média","Lord of the Rings: Tales of Middle-Earth",ltr,"Trombeta da Marca","Horn of the Mark",1,NM,EN,R,C,,241,
"O Senhor dos Anéis: Contos da Terra Média","Lord of the Rings: Tales of Middle-Earth",ltr,"Trombeta de Gondor","Horn of Gondor",1,NM,PT,R,C,,240,
"O Senhor dos Anéis: Contos da Terra Média","Lord of the Rings: Tales of Middle-Earth",ltr,"Trombeta de Gondor","Horn of Gondor",1,NM,EN,R,C,,240,
"O Senhor dos Anéis: Contos da Terra Média","Lord of the Rings: Tales of Middle-Earth",ltr,"Ugluk da Mao Branca","Ugluk of the White Hand",1,NM,EN,U,M,,235,
"O Senhor dos Anéis: Contos da Terra Média","Lord of the Rings: Tales of Middle-Earth",ltr,"Voce Nao Pode Passar!","You Cannot Pass!",3,NM,PT,U,W,,38,
"O Senhor dos Anéis: Contos da Terra Média (Borderless Lands)","Lord of the Rings: Tales of Middle-Earth (Borderless Lands)",blltr,Valfenda,Rivendell,1,NM,EN,R,L,,344,
"O Senhor dos Anéis: Contos da Terra Média (Borderless Scene)","Lord of the Rings: Tales of Middle-Earth (Borderless Scene)",bltr,,Barad-dur,1,NM,PT,R,L,,425,
"O Senhor dos Anéis: Contos da Terra Média (Borderless Scene)","Lord of the Rings: Tales of Middle-Earth (Borderless Scene)",bltr,"Boromir, Guardiao da Torre","Boromir, Warden of the Tower",1,NM,PT,R,W,,407,
"O Senhor dos Anéis: Contos da Terra Média (Borderless Scene)","Lord of the Rings: Tales of Middle-Earth (Borderless Scene)",bltr,"Bravura de Pippin","Pippin's Bravery",1,NM,EN,C,G,,414,
"O Senhor dos Anéis: Contos da Terra Média (Borderless Scene)","Lord of the Rings: Tales of Middle-Earth (Borderless Scene)",bltr,"Muitas Despedidas","Many Partings",1,NM,PT,C,G,,445,
"O Senhor dos Anéis: Contos da Terra Média (Borderless Scene)","Lord of the Rings: Tales of Middle-Earth (Borderless Scene)",bltr,"Nascer do Dia","Rising of the Day",1,NM,EN,U,R,,427,
"O Senhor dos Anéis: Contos da Terra Média (Borderless Scene)","Lord of the Rings: Tales of Middle-Earth (Borderless Scene)",bltr,Olifante,Oliphaunt,1,NM,EN,C,R,,426,
"O Senhor dos Anéis: Contos da Terra Média (Promo)","Lord of the Rings: Tales of Middle-Earth (Promo)",pltr,"Frodo Bolseiro","Frodo Baggins",1,NM,PT,U,M,"Foil, Pre Release",404,
"O Senhor dos Anéis: Contos da Terra Média (Showcase Ring)","Lord of the Rings: Tales of Middle-Earth (Showcase Ring)",srltr,"Peregrin Tuk","Peregrin Took",1,NM,EN,U,G,,315,
"Os Fora da Lei de Encruzilhada do Trovão","Outlaws of Thunder Junction",otj,"Exibido Tirofino","Slickshot Show-Off",1,NM,PT,R,R,,146,
"Os Fora da Lei de Encruzilhada do Trovão","Outlaws of Thunder Junction",otj,"Exibido Tirofino","Slickshot Show-Off",3,NM,EN,R,R,,146,
"Os Fora da Lei de Encruzilhada do Trovão","Outlaws of Thunder Junction",otj,"Paramedico Fora da Lei","Outlaw Medic",1,NM,PT,C,W,,23,
"Os Fora da Lei de Encruzilhada do Trovão","Outlaws of Thunder Junction",otj,"Terror dos Picos","Terror of the Peaks",1,NM,EN,M,R,,149,
"Os Fora da Lei de Encruzilhada do Trovão","Outlaws of Thunder Junction",otj,"Tumulto Demoniaco","Demonic Ruckus",1,NM,PT,U,R,,120,
"Phyrexia: Tudo será um","Phyrexia: All will be one",one,"Demolicao Animada","Gleeful Demolition",2,NM,EN,U,R,,134,
"Phyrexia: Tudo será um","Phyrexia: All will be one",one,"Planador Asa-de-dragao","Dragonwing Glider",1,NM,EN,R,R,,128,
"Phyrexia: Tudo será um Commander","Phyrexia: All will be one Commander",onc,"Castelo de Brasoreth","Castle Embereth",2,NM,EN,R,L,,150,
"Portões Violados",Gatecrash,gtc,"Obediencia Cega","Blind Obedience",1,NM,PT,R,W,,6,
"Portões Violados",Gatecrash,gtc,"Tirano Dragao Averneo","Hellkite Tyrant",1,NM,PT,M,R,,94,
,"Pro Tour Promos",pro,"Nyktos, Santuario de Nyx","Nykthos, Shrine to Nyx",1,NM,EN,S,L,,15,
"Quarta Edição","Fourth Edition",4e,"Imposto Territorial","Land Tax",1,NM,EN,R,W,,182,
"Ravnica Remasterizada","Ravnica Remastered",rvr,"Alfinetada nos Criticos","Skewer the Critics",4,NM,EN,C,R,,124,
"Renascer de Zendikar","Zendikar Rising",znr,"Vortice Turbilhonante","Roiling Vortex",4,NM,EN,R,R,,156,
"Renascer de Zendikar (Variantes)","Zendikar Rising (Variants)",cbznr,"Anjo do Destino","Angel of Destiny",1,NM,PT,M,W,,314,
"Renascer de Zendikar Commander","Zendikar Rising Commander",znc,"Pastora de Emeria","Emeria Shepherd",1,NM,PT,R,W,,16,
"Retorno a Ravnica","Return to Ravnica",rtr,"Anjo da Serenidade","Angel of Serenity",1,NM,PT,M,W,,1,
"Retorno de Avacyn","Avacyn Restored",avr,"Anjo do Jubilo","Angel of Jubilation",1,NM,PT,R,W,,2,
"Retorno de Avacyn","Avacyn Restored",avr,"Caverna das Almas","Cavern of Souls",1,NM,PT,R,L,,226,
"Retorno de Avacyn","Avacyn Restored",avr,"Santuario dos Serafins","Seraph Sanctuary",1,NM,EN,C,L,,228,
"Rivais de Ixalan","Rivals of Ixalan",rix,"Aspirante a Marchadora Celeste","Skymarcher Aspirant",4,NM,PT,U,W,,21,
"Rivais de Ixalan","Rivals of Ixalan",rix,"Fim Desconcertante","Baffling End",4,NM,EN,U,W,,1,
"Rivais de Ixalan","Rivals of Ixalan",rix,"Orgulho dos Conquistadores","Pride of Conquerors",3,NM,EN,U,W,,17,
"Ruas de Nova Capenna","Streets of New Capenna",snc,"Sorte Grande","Big Score",1,NM,EN,C,R,,102,
"Ruas de Nova Capenna (Foil Etched / Gilded Foil)","Streets of New Capenna (Foil Etched / Gilded Foil)",fesnc,"Protetora do Santuario","Sanctuary Warden",1,NM,EN,M,W,,443,
"Salvadores Kamigawa","Saviors of Kamigawa",sok,"Relogio de Sangue","Blood Clock",1,NM,PT,R,C,,153,
,"Secret Lair Drop Series: More Borderless Planeswalkers!",sld158,"Sarkhan, Alma de Dragao","Sarkhan, Dragonsoul",1,NM,EN,M,R,Foil,1245,
,"Signature Spellbook: Chandra",ss3,"Chandra, Chama da Rebeldia","Chandra, Torch of Defiance",1,NM,EN,M,R,,1,
,"Signature Spellbook: Gideon",ss2,"Conviccao Verdadeira","True Conviction",1,NM,EN,R,W,,6,
,"Store Championship",sc9,"Lanca Veloz do Monasterio","Monastery Swiftspear",1,NM,EN,S,R,,27,
"Strixhaven: Escola de Magos","Strixhaven: School of Mages",stx,"Saurio do Salao","Hall Monitor",1,NM,PT,U,R,,105,
,"Tarkir: Dragonstorm",tdm,,"Sarkhan, Dragon Ascendant",2,NM,EN,R,R,,118,
,"Tarkir: Dragonstorm",tdm,,"Sarkhan, Dragon Ascendant",1,NM,EN,R,R,Foil,118,
,"Tarkir: Dragonstorm (Draconic Frame)",dftdm,,"Sarkhan, Dragon Ascendant",1,NM,EN,R,R,,302,
,"Tarkir: Dragonstorm (Ghostfire)",gftdm,,"Elspeth, Storm Slayer",1,NM,EN,M,W,"Foil, Foil Especial / Foil Etched",401,
,"Tarkir: Dragonstorm Commander",tdc,"Atsushi, o Ceu Flamejante","Atsushi, the Blazing Sky",4,NM,EN,M,R,,204,
,"Tarkir: Dragonstorm Commander",tdc,"Gadrak, Flagelo da Coroa","Gadrak, the Crown-Scourge",3,NM,EN,R,R,,214,
,"Tarkir: Dragonstorm Commander",tdc,"Servo do Soberano Dragao","Dragonlord's Servant",2,NM,EN,U,R,,210,
"Terras Selvagens de Eldraine","Wilds of Eldraine",woe,"Raiva Monstruosa","Monstrous Rage",4,NM,PT,U,R,,142,
,"The Hobbit",hob,,Attercop,1,NM,EN,C,G,Foil,116,
,"The Hobbit",hob,,"Bejeweled Warg",1,NM,EN,R,G,,117,
,"The Hobbit",hob,,"Belladonna Took",1,NM,EN,R,W,,4,
,"The Hobbit",hob,,"Beorn, Reluctant Host // Till and Tend",1,NM,EN,C,G,,118,
,"The Hobbit",hob,,"Bilbo Baggins, Burglar // Take a Glance",1,NM,EN,C,U,,34,
,"The Hobbit",hob,,"Bilbo's Gambit",1,NM,EN,R,W,,5,
,"The Hobbit",hob,,"Bilbo, Luckwearer // Burglar's Plot",2,NM,EN,U,U,,32,
,"The Hobbit",hob,,"Bolg's Company",1,NM,EN,R,M,,149,
,"The Hobbit",hob,,"Confusticate and Bebother",1,NM,EN,C,U,,35,
,"The Hobbit",hob,,"Crude Bent Blade",2,NM,EN,C,B,,63,
,"The Hobbit",hob,,"Dain Ironfoot",1,NM,EN,R,R,,91,
,"The Hobbit",hob,,"Desolation Prowler",1,NM,EN,U,B,,64,
,"The Hobbit",hob,,"Dori, Bearer of Friends",2,NM,EN,C,R,,94,
,"The Hobbit",hob,,"Down in the Valley",1,NM,EN,R,G,Foil,124,
,"The Hobbit",hob,,"Down, Down to Goblin-town",1,NM,EN,U,B,Foil,65,
,"The Hobbit",hob,,"Duskwatch Hunter",2,NM,EN,C,M,,153,
,"The Hobbit",hob,,"Dwalin, Weaponmaster",1,NM,EN,R,M,,154,
,"The Hobbit",hob,"Elfos da Floresta","Wood Elves",3,NM,EN,C,G,,142,
,"The Hobbit",hob,,"Elven Passage",1,NM,EN,R,L,,181,
,"The Hobbit",hob,,"Elven Raft-Steerer",1,NM,EN,U,U,,37,
,"The Hobbit",hob,,"Elven Raft-Steerer",1,NM,EN,U,U,Foil,37,
,"The Hobbit",hob,,"Elvenking's Halls",1,NM,EN,C,L,Foil,182,
,"The Hobbit",hob,,"Elvenking's Harper",1,NM,EN,C,U,,38,
,"The Hobbit",hob,,"Elvenking's Harper",1,NM,EN,C,U,Foil,38,
,"The Hobbit",hob,,"Enchanted River's Grasp",2,NM,EN,C,U,,39,
,"The Hobbit",hob,,"Esgaroth Garrison",2,NM,EN,C,W,,13,
,"The Hobbit",hob,,"Esgaroth Garrison",1,NM,EN,C,W,Foil,13,
,"The Hobbit",hob,,"Fili the Pathfinder",1,NM,EN,R,W,,14,
,"The Hobbit",hob,,"Front Porch Sentries",2,NM,EN,C,B,,67,
,"The Hobbit",hob,,"Galion, Elvenking's Butler",1,NM,EN,U,G,,125,
,"The Hobbit",hob,,"Gandalf, Spark Starter",2,NM,EN,U,R,,97,
,"The Hobbit",hob,,"Gandalf, Spark Starter",1,NM,EN,U,R,Foil,97,
,"The Hobbit",hob,,"Giant's Boulder",2,NM,EN,C,C,,173,
,"The Hobbit",hob,,"Gleaming Splendor",1,NM,EN,M,W,,15,
,"The Hobbit",hob,,"Gnashing of Teeth",1,NM,EN,U,B,,69,
,"The Hobbit",hob,,"Gnashing of Teeth",1,NM,EN,U,B,Foil,69,
,"The Hobbit",hob,,"Goblin Plate Mail",1,NM,EN,C,M,,157,
,"The Hobbit",hob,,"Goblin-town Flunkies",3,NM,EN,C,R,,100,
,"The Hobbit",hob,,"Great Fierce Bee",1,NM,EN,C,B,Foil,73,
,"The Hobbit",hob,,"Great Gilded Boat",1,NM,EN,R,U,"Foil, Alterada",42,
,"The Hobbit",hob,,"Guardian of the Halls",1,NM,EN,C,G,,127,
,"The Hobbit",hob,,"Inside Information",1,NM,EN,M,B,,76,
,"The Hobbit",hob,,"Iron Hills",2,NM,EN,C,L,,185,
,"The Hobbit",hob,,"Iron Hills Stalwart",2,NM,EN,C,R,,102,
,"The Hobbit",hob,,"Kili the Resourceful",1,NM,EN,R,W,,17,
,"The Hobbit",hob,,Lake-town,1,NM,EN,C,L,,186,
,"The Hobbit",hob,,"Lake-town Lookout",2,NM,EN,C,W,,18,
,"The Hobbit",hob,,"Lake-town Toymaker",1,NM,EN,U,W,,19,
,"The Hobbit",hob,,"Large Bear",1,NM,EN,U,M,,159,
,"The Hobbit",hob,,"Little Bear",1,NM,EN,C,G,,128,
,"The Hobbit",hob,,"Long Lake Nuisance",2,NM,EN,C,U,,45,
,"The Hobbit",hob,,"Long-Bodied Grey Dog",2,NM,EN,C,C,,1,
,"The Hobbit",hob,,Mirkwood,1,NM,EN,C,L,,188,
,"The Hobbit",hob,,"Mirkwood Pathmaker",1,NM,EN,U,G,Foil,129,
,"The Hobbit",hob,,"Old Thrush",1,NM,EN,C,C,,2,
,"The Hobbit",hob,,"Old Thrush",1,NM,EN,C,C,Foil,2,
,"The Hobbit",hob,,"Ordinary Bear",1,NM,EN,C,G,Foil,133,
,"The Hobbit",hob,,"Ori, Keeper of Songs",1,NM,EN,C,W,,23,
,"The Hobbit",hob,,"Patient Instructor",1,NM,EN,C,M,,162,
,"The Hobbit",hob,,"Ravenhill Flock",2,NM,EN,U,U,,52,
,"The Hobbit",hob,,"Silvan Reveler",1,NM,EN,U,M,,163,
,"The Hobbit",hob,,"Silvan Reveler",1,NM,EN,U,M,Foil,163,
,"The Hobbit",hob,,"Smaug the Magnificent",1,NM,EN,M,R,,110,
,"The Hobbit",hob,,"Stir Up Trouble",1,NM,EN,C,B,,84,
,"The Hobbit",hob,,"Stir Up Trouble",1,NM,EN,C,B,Foil,84,
,"The Hobbit",hob,,"Stony-Voiced Goblins",1,NM,EN,C,B,,85,
,"The Hobbit",hob,,"The Arkenstone // Seek the Heart",1,NM,EN,M,C,,170,
,"The Hobbit",hob,,"The Eagles Are Coming!",1,NM,EN,R,W,,12,
,"The Hobbit",hob,,"The Lonely Mountain",1,NM,EN,R,L,,187,
,"The Hobbit",hob,,"The Mountain-king's Return",2,NM,EN,U,W,,22,
,"The Hobbit",hob,,"The Notary Hobbits",1,NM,EN,R,G,Foil,131,
,"The Hobbit",hob,,"The Queen of Dale",1,NM,EN,M,W,,24,
,"The Hobbit",hob,,"Thorin Oakenshield",1,NM,EN,U,M,,165,
,"The Hobbit",hob,,"Thranduil's Company",1,NM,EN,R,M,,168,
,"The Hobbit",hob,,"Thranduil, Sindarin Liege // Silvan Rally",1,NM,EN,U,M,,166,
,"The Hobbit",hob,,"Tidings of War",1,NM,EN,C,R,,115,
,"The Hobbit",hob,,"Uneasy Partings",1,NM,EN,C,U,Foil,58,
,"The Hobbit",hob,,"Velvetwing Butterflies // Gaze in Wonder",1,NM,EN,C,W,,30,
,"The Hobbit",hob,,Wargling,2,NM,EN,C,G,,140,
,"The Hobbit (Art Series)",ashob,,"The Arkenstone // Seek the Heart (Art Card with Signature)",1,NM,EN,C,S,,44a,
,"The Hobbit (Dragon Hoard)",dhhob,,"Bofur, Reliable Guardian // Concerted Care",1,NM,EN,U,W,,215,
,"The Hobbit (Scene Card)",schob,,"Bolg's Company",1,NM,EN,R,M,,211,
,"The Hobbit Eternal (Extended Art)",eahoc,,"Dain of the Ancient Halls",1,NM,EN,M,M,,104,
,"The Hobbit Eternal (Scene Card)",schoc,,"Bilbo's Burglaring",1,NM,EN,R,U,Foil,10,
,"The Hobbit Eternal (Scene Card)",schoc,,"Dragon's Desire",1,NM,EN,R,R,,11,
,"The Hobbit Eternal (Scene Card)",schoc,,"Thorin, King of Durin's Folk",1,NM,EN,R,M,,3,
Theros,Theros,ths,"Furia dos Deuses","Anger of the Gods",4,SP,PT,R,R,,112,
"Theros Além da Morte","Theros: Beyond Death",thb,"Anax, Temperado na Forja","Anax, Hardened in the Forge",3,NM,PT,U,R,,125,
"Theros Além da Morte","Theros: Beyond Death",thb,"Fenix de Cinzas","Phoenix of Ash",3,NM,PT,R,R,"Pre Release",148,
"Theros Além da Morte","Theros: Beyond Death",thb,"Intervencao de Heliode","Heliod's Intervention",1,NM,PTEN,R,W,,19,
"Theros Além da Morte","Theros: Beyond Death",thb,Lotus-de-Nyx,"Nyx Lotus",1,NM,PT,R,C,,235,
"Theros Além da Morte","Theros: Beyond Death",thb,"Olhos de Sentinela","Sentinel's Eyes",1,NM,PT,C,W,,36,
"Theros Além da Morte (Variantes)","Theros: Beyond Death (Variants)",cthb,"Anax, Temperado na Forja","Anax, Hardened in the Forge",2,NM,EN,U,R,,264,
"Theros Além da Morte (Variantes)","Theros: Beyond Death (Variants)",cthb,"Heliode, Coroa de Sol","Heliod, Sun-Crowned",1,NM,PTEN,M,W,,259,
,"Treasure Chest",pxtc,"Desembarque da Legiao","Legion's Landing",2,NM,EN,R,W,,22,
"Trono de Eldraine","Throne of Eldraine",eld,Brasolamina,Embercleave,3,NM,PT,M,R,Promo,120,
"Trono de Eldraine","Throne of Eldraine",eld,"Campeao Fervoroso","Fervent Champion",4,NM,EN,R,R,,124,
"Trono de Eldraine","Throne of Eldraine",eld,"Cavaleiro de Rochabeira // Carga do Pedregulho","Rimrock Knight // Boulder Rush",5,NM,PT,C,R,,137,
"Trono de Eldraine","Throne of Eldraine",eld,"Facanha de Rochaferro","Irencrag Feat",2,NM,PT,R,R,,127,
"Trono de Eldraine","Throne of Eldraine",eld,"Gigante Esmaga-ossos // Pisar","Bonecrusher Giant // Stomp",4,NM,EN,R,R,,115,
"Trono de Eldraine","Throne of Eldraine",eld,"Torbran, Tano de Lapa Vermelha","Torbran, Thane of Red Fell",3,NM,PT,R,R,,147,
,"Ultimate Masters",uma,"Dragao Pira Funesta","Balefire Dragon",1,NM,EN,M,R,,124,
Visões,Visions,vi,Karoo,Karoo,1,NM,EN,U,L,,69,
Visões,Visions,vi,"Mascara de Dragao","Dragon Mask",1,NM,EN,U,C,,28,
Zendikar,Zendikar,zen,"Emeria, a Ruina Celeste","Emeria, the Sky Ruin",1,NM,EN,R,L,,213,
Zendikar,Zendikar,zen,"Guerrilheiro Goblin","Goblin Bushwhacker",4,NM,EN,C,R,,125,
